{"type":"furniture","name":"fball_ball","visualizationType":"furniture_animated","logicType":"furniture_pushable","spritesheet":"fball_ball_spritesheet.json","dimensions":{"x":1,"y":1,"z":1.0E-6},"directions":[0,1,2,3,4,5,6,7,90,45,135],"assets":{"fball_ball_32_a_1_1":{"x":6,"y":10},"fball_ball_32_a_1_2":{"x":6,"y":10},"fball_ball_32_a_1_3":{"x":6,"y":10},"fball_ball_32_a_3_1":{"x":6,"y":10},"fball_ball_32_a_3_2":{"x":6,"y":10},"fball_ball_32_a_3_3":{"x":6,"y":10},"fball_ball_32_a_5_1":{"source":"fball_ball_32_a_1_1","x":6,"y":10},"fball_ball_64_a_6_2":{"source":"fball_ball_64_a_2_2","x":14,"y":23},"fball_ball_64_a_6_3":{"source":"fball_ball_64_a_2_1","x":14,"y":23},"fball_ball_64_a_0_1":{"source":"fball_ball_64_a_2_3","x":13,"y":23,"flipH":true},"fball_ball_64_a_0_2":{"source":"fball_ball_64_a_2_2","x":13,"y":23,"flipH":true},"fball_ball_64_a_0_3":{"source":"fball_ball_64_a_2_1","x":13,"y":23,"flipH":true},"fball_ball_64_a_2_1":{"x":14,"y":23},"fball_ball_64_a_2_2":{"x":14,"y":23},"fball_ball_64_a_2_3":{"x":14,"y":23},"fball_ball_64_a_4_1":{"source":"fball_ball_64_a_2_1","x":13,"y":23,"flipH":true},"fball_ball_64_a_4_2":{"source":"fball_ball_64_a_2_2","x":13,"y":23,"flipH":true},"fball_ball_64_a_4_3":{"source":"fball_ball_64_a_2_3","x":13,"y":23,"flipH":true},"fball_ball_64_a_6_1":{"source":"fball_ball_64_a_2_3","x":14,"y":23},"fball_ball_32_a_5_2":{"source":"fball_ball_32_a_1_2","x":6,"y":10},"fball_ball_32_a_5_3":{"source":"fball_ball_32_a_1_3","x":6,"y":10},"fball_ball_32_a_7_1":{"source":"fball_ball_32_a_3_3","x":6,"y":10},"fball_ball_32_a_7_2":{"source":"fball_ball_32_a_3_2","x":6,"y":10},"fball_ball_32_a_7_3":{"source":"fball_ball_32_a_3_1","x":6,"y":10},"fball_ball_32_sd_1_0":{"source":"fball_ball_32_sd_0_0","x":6,"y":1},"fball_ball_64_sd_6_0":{"source":"fball_ball_64_sd_0_0","x":12,"y":4},"fball_ball_64_sd_2_0":{"source":"fball_ball_64_sd_0_0","x":12,"y":4},"fball_ball_64_sd_4_0":{"source":"fball_ball_64_sd_0_0","x":12,"y":4},"fball_ball_64_sd_0_0":{"x":11,"y":4},"fball_ball_32_sd_7_0":{"source":"fball_ball_32_sd_0_0","x":6,"y":1},"fball_ball_32_sd_3_0":{"source":"fball_ball_32_sd_0_0","x":6,"y":1},"fball_ball_32_sd_5_0":{"source":"fball_ball_32_sd_0_0","x":6,"y":1},"fball_ball_32_a_0_1":{"source":"fball_ball_32_a_2_3","x":6,"y":10,"flipH":true},"fball_ball_32_a_0_2":{"source":"fball_ball_32_a_2_2","x":6,"y":10,"flipH":true},"fball_ball_32_a_0_3":{"source":"fball_ball_32_a_2_1","x":6,"y":10,"flipH":true},"fball_ball_32_a_2_1":{"x":6,"y":10},"fball_ball_32_a_2_2":{"x":6,"y":10},"fball_ball_32_a_2_3":{"x":6,"y":10},"fball_ball_32_a_4_1":{"source":"fball_ball_32_a_2_1","x":6,"y":10,"flipH":true},"fball_ball_32_a_4_2":{"source":"fball_ball_32_a_2_2","x":6,"y":10,"flipH":true},"fball_ball_64_a_5_3":{"source":"fball_ball_64_a_1_1","x":14,"y":23},"fball_ball_64_a_7_1":{"source":"fball_ball_64_a_3_3","x":14,"y":23},"fball_ball_64_a_7_2":{"source":"fball_ball_64_a_3_2","x":14,"y":23},"fball_ball_64_a_7_3":{"source":"fball_ball_64_a_3_1","x":14,"y":23},"fball_ball_64_a_1_1":{"x":14,"y":23},"fball_ball_64_a_1_2":{"x":14,"y":23},"fball_ball_64_a_1_3":{"x":14,"y":23},"fball_ball_64_a_3_1":{"x":14,"y":23},"fball_ball_64_a_3_2":{"x":14,"y":23},"fball_ball_64_a_3_3":{"x":14,"y":23},"fball_ball_64_a_5_1":{"source":"fball_ball_64_a_1_3","x":14,"y":23},"fball_ball_64_a_5_2":{"source":"fball_ball_64_a_1_2","x":14,"y":23},"fball_ball_32_a_4_3":{"source":"fball_ball_32_a_2_3","x":6,"y":10,"flipH":true},"fball_ball_32_a_6_1":{"source":"fball_ball_32_a_2_3","x":6,"y":10},"fball_ball_32_a_6_2":{"source":"fball_ball_32_a_2_2","x":6,"y":10},"fball_ball_32_a_6_3":{"source":"fball_ball_32_a_2_1","x":6,"y":10},"fball_ball_32_sd_0_0":{"x":6,"y":1},"fball_ball_32_sd_2_0":{"source":"fball_ball_32_sd_0_0","x":6,"y":1},"fball_ball_64_sd_7_0":{"source":"fball_ball_64_sd_0_0","x":12,"y":4},"fball_ball_64_sd_3_0":{"source":"fball_ball_64_sd_0_0","x":12,"y":4},"fball_ball_64_sd_5_0":{"source":"fball_ball_64_sd_0_0","x":12,"y":4},"fball_ball_icon_a":{"x":12,"y":16},"fball_ball_64_sd_1_0":{"source":"fball_ball_64_sd_0_0","x":12,"y":4},"fball_ball_32_sd_4_0":{"source":"fball_ball_32_sd_0_0","x":6,"y":1},"fball_ball_32_sd_6_0":{"source":"fball_ball_32_sd_0_0","x":6,"y":1}},"visualization":{"layerCount":1,"angle":45,"layers":{"0":{"z":10.0}},"animations":{"0":{"layers":{"0":{"loopCount":0,"frameRepeat":1,"frames":[1]}}},"1":{"layers":{"0":{"loopCount":0,"frameRepeat":4,"frames":[1,2,3]}}},"2":{"layers":{"0":{"loopCount":0,"frameRepeat":2,"frames":[1,2,3]}}},"3":{"layers":{"0":{"loopCount":0,"frameRepeat":1,"frames":[1,2,2,3]}}},"4":{"layers":{"0":{"loopCount":0,"frameRepeat":1,"frames":[1,2,3]}}},"5":{"layers":{"0":{"loopCount":0,"frameRepeat":1,"frames":[1,2,3,1,2,3]}}},"6":{"layers":{"0":{"loopCount":0,"frameRepeat":1,"frames":[1,2,1,3,1,2]}}}}}}