{"meta":{"app":"FFConverter ~ Joopie","format":"RGBA8888","image":"fball_ball.png","scale":"1.0","size":{"w":512,"h":32},"version":"1.0"},"frames":{"fball_ball_fball_ball_64_sd_0_0.png":{"frame":{"x":254,"y":19,"w":23,"h":11},"sourceSize":{"w":23,"h":11},"spriteSourceSize":{"x":0,"y":0,"w":23,"h":11},"rotated":false,"trimmed":false},"fball_ball_fball_ball_32_a_2_3.png":{"frame":{"x":314,"y":2,"w":13,"h":13},"sourceSize":{"w":13,"h":13},"spriteSourceSize":{"x":0,"y":0,"w":13,"h":13},"rotated":false,"trimmed":false},"fball_ball_fball_ball_32_a_3_3.png":{"frame":{"x":254,"y":4,"w":13,"h":13},"sourceSize":{"w":13,"h":13},"spriteSourceSize":{"x":0,"y":0,"w":13,"h":13},"rotated":false,"trimmed":false},"fball_ball_fball_ball_64_a_1_1.png":{"frame":{"x":198,"y":4,"w":26,"h":26},"sourceSize":{"w":26,"h":26},"spriteSourceSize":{"x":0,"y":0,"w":26,"h":26},"rotated":false,"trimmed":false},"fball_ball_fball_ball_64_a_2_1.png":{"frame":{"x":142,"y":4,"w":26,"h":26},"sourceSize":{"w":26,"h":26},"spriteSourceSize":{"x":0,"y":0,"w":26,"h":26},"rotated":false,"trimmed":false},"fball_ball_fball_ball_32_a_2_1.png":{"frame":{"x":284,"y":2,"w":13,"h":13},"sourceSize":{"w":13,"h":13},"spriteSourceSize":{"x":0,"y":0,"w":13,"h":13},"rotated":false,"trimmed":false},"fball_ball_fball_ball_64_a_3_3.png":{"frame":{"x":58,"y":4,"w":26,"h":26},"sourceSize":{"w":26,"h":26},"spriteSourceSize":{"x":0,"y":0,"w":26,"h":26},"rotated":false,"trimmed":false},"fball_ball_fball_ball_64_a_3_1.png":{"frame":{"x":30,"y":4,"w":26,"h":26},"sourceSize":{"w":26,"h":26},"spriteSourceSize":{"x":0,"y":0,"w":26,"h":26},"rotated":false,"trimmed":false},"fball_ball_fball_ball_32_a_3_1.png":{"frame":{"x":324,"y":17,"w":13,"h":13},"sourceSize":{"w":13,"h":13},"spriteSourceSize":{"x":0,"y":0,"w":13,"h":13},"rotated":false,"trimmed":false},"fball_ball_fball_ball_64_a_1_2.png":{"frame":{"x":226,"y":4,"w":26,"h":26},"sourceSize":{"w":26,"h":26},"spriteSourceSize":{"x":0,"y":0,"w":26,"h":26},"rotated":false,"trimmed":false},"fball_ball_fball_ball_32_sd_0_0.png":{"frame":{"x":339,"y":24,"w":13,"h":6},"sourceSize":{"w":13,"h":6},"spriteSourceSize":{"x":0,"y":0,"w":13,"h":6},"rotated":false,"trimmed":false},"fball_ball_fball_ball_32_a_1_2.png":{"frame":{"x":294,"y":17,"w":13,"h":13},"sourceSize":{"w":13,"h":13},"spriteSourceSize":{"x":0,"y":0,"w":13,"h":13},"rotated":false,"trimmed":false},"fball_ball_fball_ball_32_a_2_2.png":{"frame":{"x":269,"y":2,"w":13,"h":13},"sourceSize":{"w":13,"h":13},"spriteSourceSize":{"x":0,"y":0,"w":13,"h":13},"rotated":false,"trimmed":false},"fball_ball_fball_ball_64_a_2_2.png":{"frame":{"x":86,"y":4,"w":26,"h":26},"sourceSize":{"w":26,"h":26},"spriteSourceSize":{"x":0,"y":0,"w":26,"h":26},"rotated":false,"trimmed":false},"fball_ball_fball_ball_64_a_3_2.png":{"frame":{"x":2,"y":4,"w":26,"h":26},"sourceSize":{"w":26,"h":26},"spriteSourceSize":{"x":0,"y":0,"w":26,"h":26},"rotated":false,"trimmed":false},"fball_ball_fball_ball_32_a_1_3.png":{"frame":{"x":299,"y":2,"w":13,"h":13},"sourceSize":{"w":13,"h":13},"spriteSourceSize":{"x":0,"y":0,"w":13,"h":13},"rotated":false,"trimmed":false},"fball_ball_fball_ball_64_a_1_3.png":{"frame":{"x":170,"y":4,"w":26,"h":26},"sourceSize":{"w":26,"h":26},"spriteSourceSize":{"x":0,"y":0,"w":26,"h":26},"rotated":false,"trimmed":false},"fball_ball_fball_ball_32_a_3_2.png":{"frame":{"x":279,"y":17,"w":13,"h":13},"sourceSize":{"w":13,"h":13},"spriteSourceSize":{"x":0,"y":0,"w":13,"h":13},"rotated":false,"trimmed":false},"fball_ball_fball_ball_64_a_2_3.png":{"frame":{"x":114,"y":4,"w":26,"h":26},"sourceSize":{"w":26,"h":26},"spriteSourceSize":{"x":0,"y":0,"w":26,"h":26},"rotated":false,"trimmed":false},"fball_ball_fball_ball_32_a_1_1.png":{"frame":{"x":309,"y":17,"w":13,"h":13},"sourceSize":{"w":13,"h":13},"spriteSourceSize":{"x":0,"y":0,"w":13,"h":13},"rotated":false,"trimmed":false}}}